{"cameraMode":{"drawMode":0,"name":"Shaded","section":"Shading Mode"},"sceneLighting":false,"audioPlay":false,"sceneViewState":{"m_AlwaysRefresh":false,"showFog":true,"showSkybox":false,"showFlares":true,"showImageEffects":true,"showParticleSystems":true,"showVisualEffectGraphs":true,"m_FxEnabled":true},"in2DMode":false,"pivot":{"x":3.7093591690063478,"y":-1.0527818202972413,"z":-1.4161478281021119},"rotation":{"x":-0.14994752407073975,"y":-0.8107240796089172,"z":0.23648904263973237,"w":-0.5141516327857971},"size":3.8244309425354006,"orthographic":false}