{"cameraMode":{"drawMode":0,"name":"Shaded","section":"Shading Mode"},"sceneLighting":false,"audioPlay":false,"sceneViewState":{"m_AlwaysRefresh":false,"showFog":true,"showSkybox":false,"showFlares":true,"showImageEffects":true,"showParticleSystems":true,"showVisualEffectGraphs":true,"m_FxEnabled":true},"in2DMode":false,"pivot":{"x":0.819496750831604,"y":0.2874949276447296,"z":0.058135032653808597},"rotation":{"x":0.02504199743270874,"y":0.7504937648773193,"z":-0.02832021377980709,"w":0.6599768400192261},"size":1.0937418937683106,"orthographic":false}