{"cameraMode":{"drawMode":0,"name":"Shaded","section":"Shading Mode"},"sceneLighting":false,"audioPlay":false,"sceneViewState":{"m_AlwaysRefresh":false,"showFog":true,"showSkybox":false,"showFlares":true,"showImageEffects":true,"showParticleSystems":true,"showVisualEffectGraphs":true,"m_FxEnabled":true},"in2DMode":false,"pivot":{"x":-0.19460172951221467,"y":0.2624978721141815,"z":-0.38049179315567019},"rotation":{"x":-0.2318396270275116,"y":-0.12016555666923523,"z":0.028876977041363717,"w":-0.9648775458335877},"size":0.368622750043869,"orthographic":false}