{"cameraMode":{"drawMode":0,"name":"Shaded","section":"Shading Mode"},"sceneLighting":false,"audioPlay":false,"sceneViewState":{"m_AlwaysRefresh":false,"showFog":true,"showSkybox":false,"showFlares":true,"showImageEffects":true,"showParticleSystems":true,"showVisualEffectGraphs":true,"m_FxEnabled":true},"in2DMode":false,"pivot":{"x":2.193561315536499,"y":0.0975857749581337,"z":0.17636339366436006},"rotation":{"x":0.08758915215730667,"y":0.6244246363639832,"z":-0.07071588933467865,"w":0.7729623317718506},"size":2.0660252571105959,"orthographic":false}