{"cameraMode":{"drawMode":0,"name":"Shaded","section":"Shading Mode"},"sceneLighting":false,"audioPlay":false,"sceneViewState":{"m_AlwaysRefresh":false,"showFog":true,"showSkybox":false,"showFlares":true,"showImageEffects":true,"showParticleSystems":true,"showVisualEffectGraphs":true,"m_FxEnabled":true},"in2DMode":false,"pivot":{"x":0.32328537106513979,"y":0.05089910328388214,"z":-0.015214978717267514},"rotation":{"x":0.06077590957283974,"y":0.8363972306251526,"z":-0.0947553813457489,"w":0.5364558696746826},"size":0.28117433190345766,"orthographic":false}