{"cameraMode":{"drawMode":0,"name":"Shaded","section":"Shading Mode"},"sceneLighting":false,"audioPlay":false,"sceneViewState":{"m_AlwaysRefresh":false,"showFog":true,"showSkybox":false,"showFlares":true,"showImageEffects":true,"showParticleSystems":true,"showVisualEffectGraphs":true,"m_FxEnabled":true},"in2DMode":false,"pivot":{"x":0.3134777545928955,"y":0.0731651782989502,"z":-0.27467313408851626},"rotation":{"x":0.008074034936726094,"y":0.8113047480583191,"z":-0.011202705092728138,"w":0.584477961063385},"size":0.581174373626709,"orthographic":false}