{"cameraMode":{"drawMode":0,"name":"Shaded","section":"Shading Mode"},"sceneLighting":false,"audioPlay":false,"sceneViewState":{"m_AlwaysRefresh":false,"showFog":true,"showSkybox":false,"showFlares":true,"showImageEffects":true,"showParticleSystems":true,"showVisualEffectGraphs":true,"m_FxEnabled":true},"in2DMode":false,"pivot":{"x":-4.025146961212158,"y":0.07353578507900238,"z":-1.687495231628418},"rotation":{"x":0.02321620099246502,"y":-0.8063572645187378,"z":0.031708478927612308,"w":0.5901429057121277},"size":2.9660251140594484,"orthographic":false}