{"cameraMode":{"drawMode":0,"name":"Shaded","section":"Shading Mode"},"sceneLighting":false,"audioPlay":false,"sceneViewState":{"m_AlwaysRefresh":false,"showFog":true,"showSkybox":false,"showFlares":true,"showImageEffects":true,"showParticleSystems":true,"showVisualEffectGraphs":true,"m_FxEnabled":true},"in2DMode":false,"pivot":{"x":0.8166573643684387,"y":1.2102570533752442,"z":-1.1303943395614625},"rotation":{"x":0.033558428287506106,"y":-0.942740797996521,"z":0.0996241569519043,"w":0.31682607531547549},"size":1.6740669012069703,"orthographic":false}