{"cameraMode":{"drawMode":0,"name":"Shaded","section":"Shading Mode"},"sceneLighting":false,"audioPlay":false,"sceneViewState":{"m_AlwaysRefresh":false,"showFog":true,"showSkybox":false,"showFlares":true,"showImageEffects":true,"showParticleSystems":true,"showVisualEffectGraphs":true,"m_FxEnabled":true},"in2DMode":false,"pivot":{"x":0.8978878855705261,"y":-0.03419053554534912,"z":0.47242969274520876},"rotation":{"x":-0.16802027821540833,"y":-0.6198967695236206,"z":0.13824015855789185,"w":-0.7540683746337891},"size":1.113699197769165,"orthographic":false}