{"cameraMode":{"drawMode":0,"name":"Shaded","section":"Shading Mode"},"sceneLighting":false,"audioPlay":false,"sceneViewState":{"m_AlwaysRefresh":false,"showFog":true,"showSkybox":false,"showFlares":true,"showImageEffects":true,"showParticleSystems":true,"showVisualEffectGraphs":true,"m_FxEnabled":true},"in2DMode":false,"pivot":{"x":0.24250724911689759,"y":-0.007732421159744263,"z":0.04794088006019592},"rotation":{"x":-0.10195830464363098,"y":-0.4673895835876465,"z":0.054374244064092639,"w":-0.8764767050743103},"size":0.34002751111984255,"orthographic":false}