{"cameraMode":{"drawMode":0,"name":"Shaded","section":"Shading Mode"},"sceneLighting":false,"audioPlay":false,"sceneViewState":{"m_AlwaysRefresh":false,"showFog":true,"showSkybox":false,"showFlares":true,"showImageEffects":true,"showParticleSystems":true,"showVisualEffectGraphs":true,"m_FxEnabled":true},"in2DMode":false,"pivot":{"x":0.9701142907142639,"y":-0.22010833024978639,"z":1.2546963691711426},"rotation":{"x":-0.09661321341991425,"y":-0.3595781922340393,"z":0.037465713918209079,"w":-0.9273532032966614},"size":1.2400275468826295,"orthographic":false}